year,title,url
1996,UFC 11: The Proving Ground,https://mmadecisions.com/event/12/UFC-11-The-Proving-Ground
1996,UFC 10: The Tournament,https://mmadecisions.com/event/11/UFC-10-The-Tournament
1996,UFC 9: Motor City Madness,https://mmadecisions.com/event/10/UFC-9-Motor-City-Madness
1996,UFC 8: David vs. Goliath,https://mmadecisions.com/event/9/UFC-8-David-vs-Goliath
1997,UFC Japan: Ultimate Japan 1,https://mmadecisions.com/event/18/UFC-Japan-Ultimate-Japan-1
1997,UFC 15: Collision Course,https://mmadecisions.com/event/17/UFC-15-Collision-Course
1997,UFC 14: Showdown,https://mmadecisions.com/event/16/UFC-14-Showdown
1997,UFC 13: The Ultimate Force,https://mmadecisions.com/event/15/UFC-13-The-Ultimate-Force
1997,UFC 12: Judgement Day,https://mmadecisions.com/event/14/UFC-12-Judgement-Day
1998,UFC Brazil: Ultimate Brazil,https://mmadecisions.com/event/21/UFC-Brazil-Ultimate-Brazil
1998,UFC 17: Redemption,https://mmadecisions.com/event/20/UFC-17-Redemption
1998,UFC 16: Battle in the Bayou,https://mmadecisions.com/event/19/UFC-16-Battle-in-the-Bayou
1999,UFC 23: Ultimate Japan 2,https://mmadecisions.com/event/27/UFC-23-Ultimate-Japan-2
1999,UFC 22: There Can Only Be One Champion,https://mmadecisions.com/event/26/UFC-22-There-Can-Only-Be-One-Champion
1999,UFC 21: Return of the Champions,https://mmadecisions.com/event/25/UFC-21-Return-of-the-Champions
1999,UFC 20: Battle for the Gold,https://mmadecisions.com/event/24/UFC-20-Battle-for-the-Gold
1999,UFC 19: Ultimate Young Guns,https://mmadecisions.com/event/23/UFC-19-Ultimate-Young-Guns
1999,UFC 18: Road to the Heavyweight Title,https://mmadecisions.com/event/22/UFC-18-Road-to-the-Heavyweight-Title
2000,UFC 29: Defense of the Belts,https://mmadecisions.com/event/33/UFC-29-Defense-of-the-Belts
2000,UFC 28: High Stakes,https://mmadecisions.com/event/32/UFC-28-High-Stakes
2000,UFC 27: Ultimate Bad Boyz,https://mmadecisions.com/event/31/UFC-27-Ultimate-Bad-Boyz
2000,UFC 26: Ultimate Field of Dreams,https://mmadecisions.com/event/30/UFC-26-Ultimate-Field-of-Dreams
2000,UFC 25: Ultimate Japan 3,https://mmadecisions.com/event/29/UFC-25-Ultimate-Japan-3
2000,UFC 24: First Defense,https://mmadecisions.com/event/28/UFC-24-First-Defense
2001,UFC 34: High Voltage,https://mmadecisions.com/event/38/UFC-34-High-Voltage
2001,UFC 33: Victory in Vegas,https://mmadecisions.com/event/37/UFC-33-Victory-in-Vegas
2001,UFC 32: Showdown in the Meadowlands,https://mmadecisions.com/event/36/UFC-32-Showdown-in-the-Meadowlands
2001,UFC 31: Locked & Loaded,https://mmadecisions.com/event/35/UFC-31-Locked-&-Loaded
2001,UFC 30: Battle on the Boardwalk,https://mmadecisions.com/event/34/UFC-30-Battle-on-the-Boardwalk
2002,UFC 39: The Warriors Return,https://mmadecisions.com/event/44/UFC-39-The-Warriors-Return
2002,UFC 38: Brawl at the Hall,https://mmadecisions.com/event/43/UFC-38-Brawl-at-the-Hall
2002,UFC 37.5: As Real As It Gets,https://mmadecisions.com/event/42/UFC-37-5-As-Real-As-It-Gets
2002,UFC 37: High Impact,https://mmadecisions.com/event/41/UFC-37-High-Impact
2002,UFC 36: Worlds Collide,https://mmadecisions.com/event/40/UFC-36-Worlds-Collide
2002,UFC 35: Throwdown,https://mmadecisions.com/event/39/UFC-35-Throwdown
2003,UFC 45: Revolution,https://mmadecisions.com/event/50/UFC-45-Revolution
2003,UFC 44: Undisputed,https://mmadecisions.com/event/49/UFC-44-Undisputed
2003,UFC 43: Meltdown,https://mmadecisions.com/event/48/UFC-43-Meltdown
2003,UFC 42: Sudden Impact,https://mmadecisions.com/event/47/UFC-42-Sudden-Impact
2003,UFC 41: Onslaught,https://mmadecisions.com/event/46/UFC-41-Onslaught
2004,UFC 50: The War of '04,https://mmadecisions.com/event/55/UFC-50-The-War-of--04
2004,UFC 49: Unfinished Business,https://mmadecisions.com/event/54/UFC-49-Unfinished-Business
2004,UFC 48: Payback,https://mmadecisions.com/event/53/UFC-48-Payback
2004,UFC 47: It's On,https://mmadecisions.com/event/52/UFC-47-It-s-On
2004,UFC 46: Super Natural,https://mmadecisions.com/event/51/UFC-46-Super-Natural
2005,UFC 56: Full Force,https://mmadecisions.com/event/65/UFC-56-Full-Force
2005,UFC 55: Fury,https://mmadecisions.com/event/63/UFC-55-Fury
2005,UFC 54: Boiling Point,https://mmadecisions.com/event/61/UFC-54-Boiling-Point
2005,UFC 53: Heavy Hitters,https://mmadecisions.com/event/59/UFC-53-Heavy-Hitters
2005,UFC 52: Couture vs Liddell 2,https://mmadecisions.com/event/58/UFC-52-Couture-vs-Liddell-2
2005,UFC 51: Super Saturday,https://mmadecisions.com/event/56/UFC-51-Super-Saturday
2006,UFC 66: Liddell vs. Ortiz 2,https://mmadecisions.com/event/83/UFC-66-Liddell-vs-Ortiz-2
2006,UFC 65: Bad Intentions,https://mmadecisions.com/event/81/UFC-65-Bad-Intentions
2006,UFC 64: Unstoppable,https://mmadecisions.com/event/79/UFC-64-Unstoppable
2006,UFC 63: Hughes vs Penn,https://mmadecisions.com/event/77/UFC-63-Hughes-vs-Penn
2006,UFC 62: Liddell vs Sobral,https://mmadecisions.com/event/76/UFC-62-Liddell-vs-Sobral
2006,UFC 61: Bitter Rivals,https://mmadecisions.com/event/74/UFC-61-Bitter-Rivals
2006,UFC 60: Hughes vs Gracie,https://mmadecisions.com/event/71/UFC-60-Hughes-vs-Gracie
2006,UFC 59: Reality Check,https://mmadecisions.com/event/70/UFC-59-Reality-Check
2006,UFC 58: USA vs Canada,https://mmadecisions.com/event/68/UFC-58-USA-vs-Canada
2006,UFC 57: Liddell vs Couture 3,https://mmadecisions.com/event/67/UFC-57-Liddell-vs-Couture-3
2007,UFC 79: Nemesis,https://mmadecisions.com/event/101/UFC-79-Nemesis
2007,UFC 78: Validation,https://mmadecisions.com/event/100/UFC-78-Validation
2007,UFC 77: Hostile Territory,https://mmadecisions.com/event/99/UFC-77-Hostile-Territory
2007,UFC 76: Knockout,https://mmadecisions.com/event/98/UFC-76-Knockout
2007,UFC 75: Champion vs. Champion,https://mmadecisions.com/event/96/UFC-75-Champion-vs-Champion
2007,UFC 74: Respect,https://mmadecisions.com/event/95/UFC-74-Respect
2007,UFC 73: Stacked,https://mmadecisions.com/event/94/UFC-73-Stacked
2007,UFC 72: Victory,https://mmadecisions.com/event/92/UFC-72-Victory
2007,UFC 71: Liddell vs. Jackson,https://mmadecisions.com/event/90/UFC-71-Liddell-vs-Jackson
2007,UFC 70: Nations Collide,https://mmadecisions.com/event/89/UFC-70-Nations-Collide
2007,UFC 69: Shootout,https://mmadecisions.com/event/88/UFC-69-Shootout
2007,UFC 68: The Uprising,https://mmadecisions.com/event/86/UFC-68-The-Uprising
2007,UFC 67: All or Nothing,https://mmadecisions.com/event/85/UFC-67-All-or-Nothing
2008,UFC 92: The Ultimate 2008,https://mmadecisions.com/event/122/UFC-92-The-Ultimate-2008
2008,UFC 91: Couture vs. Lesnar,https://mmadecisions.com/event/119/UFC-91-Couture-vs-Lesnar
2008,UFC 90: Silva vs. Cote,https://mmadecisions.com/event/118/UFC-90-Silva-vs-Cote
2008,UFC 89: Bisping vs. Leben,https://mmadecisions.com/event/117/UFC-89-Bisping-vs-Leben
2008,UFC 88: Breakthrough,https://mmadecisions.com/event/115/UFC-88-Breakthrough
2008,UFC 87: Seek and Destroy,https://mmadecisions.com/event/114/UFC-87-Seek-and-Destroy
2008,UFC 86: Jackson vs. Griffin,https://mmadecisions.com/event/112/UFC-86-Jackson-vs-Griffin
2008,UFC 85: Bedlam,https://mmadecisions.com/event/110/UFC-85-Bedlam
2008,UFC 84: Ill Will,https://mmadecisions.com/event/109/UFC-84-Ill-Will
2008,UFC 83: Serra vs. St. Pierre 2,https://mmadecisions.com/event/108/UFC-83-Serra-vs-St-Pierre-2
2008,UFC 82: Pride of a Champion,https://mmadecisions.com/event/106/UFC-82-Pride-of-a-Champion
2008,UFC 81: Breaking Point,https://mmadecisions.com/event/105/UFC-81-Breaking-Point
2008,UFC 80: Rapid Fire,https://mmadecisions.com/event/103/UFC-80-Rapid-Fire
2009,UFC 107: Penn vs. Sanchez,https://mmadecisions.com/event/142/UFC-107-Penn-vs-Sanchez
2009,UFC 106: Ortiz vs. Griffin 2,https://mmadecisions.com/event/140/UFC-106-Ortiz-vs-Griffin-2
2009,UFC 105: Couture vs. Vera,https://mmadecisions.com/event/139/UFC-105-Couture-vs-Vera
2009,UFC 104: Machida vs. Shogun,https://mmadecisions.com/event/138/UFC-104-Machida-vs-Shogun
2009,UFC 103: Franklin vs. Belfort,https://mmadecisions.com/event/137/UFC-103-Franklin-vs-Belfort
2009,UFC 102: Couture vs. Nogueira,https://mmadecisions.com/event/135/UFC-102-Couture-vs-Nogueira
2009,UFC 101: Declaration,https://mmadecisions.com/event/134/UFC-101-Declaration
2009,UFC 100: Lesnar vs. Mir,https://mmadecisions.com/event/133/UFC-100-Lesnar-vs-Mir
2009,UFC 99: The Comeback,https://mmadecisions.com/event/131/UFC-99-The-Comeback
2009,UFC 98: Evans vs. Machida,https://mmadecisions.com/event/130/UFC-98-Evans-vs-Machida
2009,UFC 97: Redemption,https://mmadecisions.com/event/129/UFC-97-Redemption
2009,UFC 96: Jackson vs. Jardine,https://mmadecisions.com/event/127/UFC-96-Jackson-vs-Jardine
2009,UFC 95: Sanchez vs. Stevenson,https://mmadecisions.com/event/126/UFC-95-Sanchez-vs-Stevenson
2009,UFC 94: St. Pierre vs. Penn 2,https://mmadecisions.com/event/124/UFC-94-St-Pierre-vs-Penn-2
2009,UFC 93: Franklin vs. Henderson,https://mmadecisions.com/event/123/UFC-93-Franklin-vs-Henderson
2010,UFC 124: St-Pierre vs. Koscheck 2,https://mmadecisions.com/event/223/UFC-124-St-Pierre-vs-Koscheck-2
2010,UFC 123: Rampage vs. Machida,https://mmadecisions.com/event/220/UFC-123-Rampage-vs-Machida
2010,UFC 122: Marquardt vs. Okami,https://mmadecisions.com/event/219/UFC-122-Marquardt-vs-Okami
2010,UFC 121: Lesnar vs. Velasquez,https://mmadecisions.com/event/217/UFC-121-Lesnar-vs-Velasquez
2010,UFC 120: Bisping vs. Akiyama,https://mmadecisions.com/event/216/UFC-120-Bisping-vs-Akiyama
2010,UFC 119: Mir vs. Cro Cop,https://mmadecisions.com/event/189/UFC-119-Mir-vs-Cro-Cop
2010,UFC 118: Edgar vs. Penn 2,https://mmadecisions.com/event/186/UFC-118-Edgar-vs-Penn-2
2010,UFC 117: Silva vs. Sonnen,https://mmadecisions.com/event/159/UFC-117-Silva-vs-Sonnen
2010,UFC Live: Jones vs. Matyushenko,https://mmadecisions.com/event/158/UFC-Live-Jones-vs-Matyushenko
2010,UFC 116: Lesnar vs. Carwin,https://mmadecisions.com/event/157/UFC-116-Lesnar-vs-Carwin
2010,UFC 115: Liddell vs. Franklin,https://mmadecisions.com/event/155/UFC-115-Liddell-vs-Franklin
2010,UFC 114: Rampage vs. Evans,https://mmadecisions.com/event/153/UFC-114-Rampage-vs-Evans
2010,UFC 113: Machida vs. Shogun 2,https://mmadecisions.com/event/152/UFC-113-Machida-vs-Shogun-2
2010,UFC 112: Invincible,https://mmadecisions.com/event/150/UFC-112-Invincible
2010,UFC 111: St. Pierre vs. Hardy,https://mmadecisions.com/event/148/UFC-111-St-Pierre-vs-Hardy
2010,UFC Live: Vera vs. Jones,https://mmadecisions.com/event/147/UFC-Live-Vera-vs-Jones
2010,UFC 110: Nogueira vs. Velasquez,https://mmadecisions.com/event/146/UFC-110-Nogueira-vs-Velasquez
2010,UFC 109: Relentless,https://mmadecisions.com/event/145/UFC-109-Relentless
2010,UFC 108: Evans vs. Silva,https://mmadecisions.com/event/143/UFC-108-Evans-vs-Silva
2011,UFC 141: Lesnar vs Overeem,https://mmadecisions.com/event/336/UFC-141-Lesnar-vs-Overeem
2011,UFC 140: Jones vs. Machida,https://mmadecisions.com/event/334/UFC-140-Jones-vs-Machida
2011,UFC 139: Shogun vs. Henderson,https://mmadecisions.com/event/331/UFC-139-Shogun-vs-Henderson
2011,UFC on Fox 1: Velasquez vs. Dos Santos,https://mmadecisions.com/event/327/UFC-on-Fox-1-Velasquez-vs-Dos-Santos
2011,UFC 138: Leben vs. Munoz,https://mmadecisions.com/event/326/UFC-138-Leben-vs-Munoz
2011,UFC 137: Penn vs. Diaz,https://mmadecisions.com/event/325/UFC-137-Penn-vs-Diaz
2011,UFC 136: Edgar vs. Maynard III,https://mmadecisions.com/event/321/UFC-136-Edgar-vs-Maynard-III
2011,UFC Live: Cruz vs. Johnson,https://mmadecisions.com/event/318/UFC-Live-Cruz-vs-Johnson
2011,UFC 135: Jones vs. Rampage,https://mmadecisions.com/event/317/UFC-135-Jones-vs-Rampage
2011,UFC 134: Silva vs. Okami,https://mmadecisions.com/event/310/UFC-134-Silva-vs-Okami
2011,UFC Live: Hardy vs. Lytle,https://mmadecisions.com/event/308/UFC-Live-Hardy-vs-Lytle
2011,UFC 133: Evans vs. Ortiz,https://mmadecisions.com/event/306/UFC-133-Evans-vs-Ortiz
2011,UFC 132: Cruz vs. Faber,https://mmadecisions.com/event/302/UFC-132-Cruz-vs-Faber
2011,UFC Live: Kongo vs. Barry,https://mmadecisions.com/event/301/UFC-Live-Kongo-vs-Barry
2011,UFC 131: dos Santos vs. Carwin,https://mmadecisions.com/event/297/UFC-131-dos-Santos-vs-Carwin
2011,UFC 130: Rampage vs. Hamill,https://mmadecisions.com/event/295/UFC-130-Rampage-vs-Hamill
2011,UFC 129: St-Pierre vs. Shields,https://mmadecisions.com/event/276/UFC-129-St-Pierre-vs-Shields
2011,UFC 128: Shogun vs. Jones,https://mmadecisions.com/event/247/UFC-128-Shogun-vs-Jones
2011,UFC Live: Sanchez vs. Kampmann,https://mmadecisions.com/event/245/UFC-Live-Sanchez-vs-Kampmann
2011,UFC 127: Penn vs. Fitch,https://mmadecisions.com/event/244/UFC-127-Penn-vs-Fitch
2011,UFC 126: Silva vs. Belfort,https://mmadecisions.com/event/241/UFC-126-Silva-vs-Belfort
2011,UFC 125: Resolution,https://mmadecisions.com/event/225/UFC-125-Resolution
2012,UFC 155: Dos Santos vs. Velasquez II,https://mmadecisions.com/event/398/UFC-155-Dos-Santos-vs-Velasquez-II
2012,UFC on FX 6: Sotiropoulos vs. Pearson,https://mmadecisions.com/event/396/UFC-on-FX-6-Sotiropoulos-vs-Pearson
2012,UFC on Fox 5: Henderson vs. Diaz,https://mmadecisions.com/event/394/UFC-on-Fox-5-Henderson-vs-Diaz
2012,UFC 154: St-Pierre vs. Condit,https://mmadecisions.com/event/391/UFC-154-St-Pierre-vs-Condit
2012,UFC on Fuel 6: Franklin vs. Le,https://mmadecisions.com/event/389/UFC-on-Fuel-6-Franklin-vs-Le
2012,UFC 153: Silva vs. Bonnar,https://mmadecisions.com/event/384/UFC-153-Silva-vs-Bonnar
2012,UFC on FX 5: Browne vs. Bigfoot,https://mmadecisions.com/event/382/UFC-on-FX-5-Browne-vs-Bigfoot
2012,UFC on Fuel 5: Struve vs. Miocic,https://mmadecisions.com/event/380/UFC-on-Fuel-5-Struve-vs-Miocic
2012,UFC 152: Jones vs. Belfort,https://mmadecisions.com/event/377/UFC-152-Jones-vs-Belfort
2012,UFC 150: Henderson vs. Edgar II,https://mmadecisions.com/event/374/UFC-150-Henderson-vs-Edgar-II
2012,UFC on Fox 4: Shogun vs. Vera,https://mmadecisions.com/event/373/UFC-on-Fox-4-Shogun-vs-Vera
2012,UFC 149: Faber vs. Barao,https://mmadecisions.com/event/372/UFC-149-Faber-vs-Barao
2012,UFC on Fuel 4: Munoz vs. Weidman,https://mmadecisions.com/event/369/UFC-on-Fuel-4-Munoz-vs-Weidman
2012,UFC 148: Silva vs. Sonnen II,https://mmadecisions.com/event/368/UFC-148-Silva-vs-Sonnen-II
2012,UFC 147: Silva vs. Franklin II,https://mmadecisions.com/event/367/UFC-147-Silva-vs-Franklin-II
2012,UFC on FX 4: Maynard vs. Guida,https://mmadecisions.com/event/366/UFC-on-FX-4-Maynard-vs-Guida
2012,UFC on FX 3: Johnson vs. McCall,https://mmadecisions.com/event/364/UFC-on-FX-3-Johnson-vs-McCall
2012,UFC 146: Dos Santos vs. Mir,https://mmadecisions.com/event/362/UFC-146-Dos-Santos-vs-Mir
2012,UFC on Fuel 3: Korean Zombie vs. Poirier,https://mmadecisions.com/event/358/UFC-on-Fuel-3-Korean-Zombie-vs-Poirier
2012,UFC on Fox 3: Miller vs. Diaz,https://mmadecisions.com/event/356/UFC-on-Fox-3-Miller-vs-Diaz
2012,UFC 145: Jones vs. Evans,https://mmadecisions.com/event/354/UFC-145-Jones-vs-Evans
2012,UFC on Fuel 2: Gustafsson vs. Silva,https://mmadecisions.com/event/352/UFC-on-Fuel-2-Gustafsson-vs-Silva
2012,UFC on FX 2: Alves vs. Kampmann,https://mmadecisions.com/event/344/UFC-on-FX-2-Alves-vs-Kampmann
2012,UFC 144: Edgar vs. Henderson,https://mmadecisions.com/event/343/UFC-144-Edgar-vs-Henderson
2012,UFC on Fuel 1: Sanchez vs. Ellenberger,https://mmadecisions.com/event/342/UFC-on-Fuel-1-Sanchez-vs-Ellenberger
2012,UFC 143: Diaz vs. Condit,https://mmadecisions.com/event/341/UFC-143-Diaz-vs-Condit
2012,UFC on Fox 2: Evans vs. Davis,https://mmadecisions.com/event/340/UFC-on-Fox-2-Evans-vs-Davis
2012,UFC on FX 1: Guillard vs. Miller,https://mmadecisions.com/event/339/UFC-on-FX-1-Guillard-vs-Miller
2012,UFC 142: Aldo vs. Mendes,https://mmadecisions.com/event/338/UFC-142-Aldo-vs-Mendes
2013,UFC 168: Weidman vs. Silva 2,https://mmadecisions.com/event/480/UFC-168-Weidman-vs-Silva-2
2013,UFC on Fox 9: Johnson vs. Benavidez 2,https://mmadecisions.com/event/479/UFC-on-Fox-9-Johnson-vs-Benavidez-2
2013,UFC 167: St-Pierre vs. Hendricks,https://mmadecisions.com/event/472/UFC-167-St-Pierre-vs-Hendricks
2013,UFC 166: Velasquez vs. Dos Santos 3,https://mmadecisions.com/event/462/UFC-166-Velasquez-vs-Dos-Santos-3
2013,UFC 165: Jones vs. Gustafsson,https://mmadecisions.com/event/455/UFC-165-Jones-vs-Gustafsson
2013,UFC 164: Henderson vs. Pettis,https://mmadecisions.com/event/448/UFC-164-Henderson-vs-Pettis
2013,UFC 163: Aldo vs. Korean Zombie,https://mmadecisions.com/event/443/UFC-163-Aldo-vs-Korean-Zombie
2013,UFC on Fox 8: Johnson vs. Moraga,https://mmadecisions.com/event/441/UFC-on-Fox-8-Johnson-vs-Moraga
2013,UFC 162: Silva vs. Weidman,https://mmadecisions.com/event/438/UFC-162-Silva-vs-Weidman
2013,UFC 161: Evans vs. Henderson,https://mmadecisions.com/event/436/UFC-161-Evans-vs-Henderson
2013,UFC on Fuel 10: Nogueira vs. Werdum,https://mmadecisions.com/event/434/UFC-on-Fuel-10-Nogueira-vs-Werdum
2013,UFC 160: Velasquez vs. Bigfoot 2,https://mmadecisions.com/event/432/UFC-160-Velasquez-vs-Bigfoot-2
2013,UFC on FX 8: Belfort vs. Rockhold,https://mmadecisions.com/event/431/UFC-on-FX-8-Belfort-vs-Rockhold
2013,UFC 159: Jones vs. Sonnen,https://mmadecisions.com/event/428/UFC-159-Jones-vs-Sonnen
2013,UFC on Fox 7: Henderson vs. Melendez,https://mmadecisions.com/event/427/UFC-on-Fox-7-Henderson-vs-Melendez
2013,UFC on Fuel 9: Mousasi vs. Latifi,https://mmadecisions.com/event/424/UFC-on-Fuel-9-Mousasi-vs-Latifi
2013,UFC 158: St-Pierre vs. Diaz,https://mmadecisions.com/event/418/UFC-158-St-Pierre-vs-Diaz
2013,UFC on Fuel 8: Silva vs. Stann,https://mmadecisions.com/event/415/UFC-on-Fuel-8-Silva-vs-Stann
2013,UFC 157: Rousey vs. Carmouche,https://mmadecisions.com/event/413/UFC-157-Rousey-vs-Carmouche
2013,UFC on Fuel 7: Barao vs. McDonald,https://mmadecisions.com/event/411/UFC-on-Fuel-7-Barao-vs-McDonald
2013,UFC 156: Aldo vs. Edgar,https://mmadecisions.com/event/408/UFC-156-Aldo-vs-Edgar
2013,UFC on Fox 6: Johnson vs. Dodson,https://mmadecisions.com/event/406/UFC-on-Fox-6-Johnson-vs-Dodson
2013,UFC on FX 7: Belfort vs. Bisping,https://mmadecisions.com/event/404/UFC-on-FX-7-Belfort-vs-Bisping
2014,UFC Fight Night 58: Machida vs. Dollaway,https://mmadecisions.com/event/571/UFC-Fight-Night-58-Machida-vs-Dollaway
2014,UFC on Fox 13: dos Santos vs. Miocic,https://mmadecisions.com/event/569/UFC-on-Fox-13-dos-Santos-vs-Miocic
2014,UFC 181: Hendricks vs. Lawler II,https://mmadecisions.com/event/567/UFC-181-Hendricks-vs-Lawler-II
2014,UFC Fight Night 57: Edgar vs. Swanson,https://mmadecisions.com/event/566/UFC-Fight-Night-57-Edgar-vs-Swanson
2014,UFC 180: Werdum vs. Hunt,https://mmadecisions.com/event/565/UFC-180-Werdum-vs-Hunt
2014,UFC Fight Night 56: Shogun vs. St. Preux,https://mmadecisions.com/event/561/UFC-Fight-Night-56-Shogun-vs-St-Preux
2014,UFC 179: Aldo vs. Mendes 2,https://mmadecisions.com/event/558/UFC-179-Aldo-vs-Mendes-2
2014,UFC Fight Night 54: MacDonald vs. Saffiedine,https://mmadecisions.com/event/553/UFC-Fight-Night-54-MacDonald-vs-Saffiedine
2014,UFC Fight Night 53: Nelson vs. Story,https://mmadecisions.com/event/552/UFC-Fight-Night-53-Nelson-vs-Story
2014,UFC 178: Johnson vs. Cariaso,https://mmadecisions.com/event/550/UFC-178-Johnson-vs-Cariaso
2014,UFC Fight Night 52: Hunt vs. Nelson,https://mmadecisions.com/event/548/UFC-Fight-Night-52-Hunt-vs-Nelson
2014,UFC Fight Night 51: Silva vs. Arlovski,https://mmadecisions.com/event/545/UFC-Fight-Night-51-Silva-vs-Arlovski
2014,UFC Fight Night 50: Jacare vs. Mousasi,https://mmadecisions.com/event/542/UFC-Fight-Night-50-Jacare-vs-Mousasi
2014,UFC 177: Dillashaw vs. Soto,https://mmadecisions.com/event/540/UFC-177-Dillashaw-vs-Soto
2014,UFC Fight Night 48: Bisping vs. Le,https://mmadecisions.com/event/538/UFC-Fight-Night-48-Bisping-vs-Le
2014,UFC Fight Night 49: Henderson vs. dos Anjos,https://mmadecisions.com/event/539/UFC-Fight-Night-49-Henderson-vs-dos-Anjos
2014,UFC Fight Night 47: Bader vs. St. Preux,https://mmadecisions.com/event/535/UFC-Fight-Night-47-Bader-vs-St-Preux
2014,UFC on Fox 12: Lawler vs. Brown,https://mmadecisions.com/event/533/UFC-on-Fox-12-Lawler-vs-Brown
2014,UFC Fight Night 46: McGregor vs. Brandao,https://mmadecisions.com/event/531/UFC-Fight-Night-46-McGregor-vs-Brandao
2014,UFC Fight Night 45: Cerrone vs. Miller,https://mmadecisions.com/event/530/UFC-Fight-Night-45-Cerrone-vs-Miller
2014,UFC 175: Weidman vs. Machida,https://mmadecisions.com/event/528/UFC-175-Weidman-vs-Machida
2014,UFC Fight Night 44: Swanson vs. Stephens,https://mmadecisions.com/event/526/UFC-Fight-Night-44-Swanson-vs-Stephens
2014,UFC Fight Night 43: Te Huna vs. Marquardt,https://mmadecisions.com/event/525/UFC-Fight-Night-43-Te-Huna-vs-Marquardt
2014,UFC 174: Johnson vs. Bagautinov,https://mmadecisions.com/event/523/UFC-174-Johnson-vs-Bagautinov
2014,UFC Fight Night 42: Henderson vs. Khabilov,https://mmadecisions.com/event/522/UFC-Fight-Night-42-Henderson-vs-Khabilov
2014,UFC Fight Night 41: Munoz vs. Mousasi,https://mmadecisions.com/event/518/UFC-Fight-Night-41-Munoz-vs-Mousasi
2014,UFC 173: Barão vs. Dillashaw,https://mmadecisions.com/event/517/UFC-173-Barão-vs-Dillashaw
2014,UFC Fight Night 40: Brown vs. Silva,https://mmadecisions.com/event/515/UFC-Fight-Night-40-Brown-vs-Silva
2014,UFC 172: Jones vs. Teixeira,https://mmadecisions.com/event/511/UFC-172-Jones-vs-Teixeira
2014,UFC on Fox 11: Werdum vs. Browne,https://mmadecisions.com/event/510/UFC-on-Fox-11-Werdum-vs-Browne
2014,UFC 171: Hendricks vs. Lawler,https://mmadecisions.com/event/496/UFC-171-Hendricks-vs-Lawler
2014,UFC 170: Rousey vs. McMann,https://mmadecisions.com/event/489/UFC-170-Rousey-vs-McMann
2014,UFC 169: Barao vs. Faber II,https://mmadecisions.com/event/486/UFC-169-Barao-vs-Faber-II
2014,UFC on Fox 10: Henderson vs. Thomson,https://mmadecisions.com/event/485/UFC-on-Fox-10-Henderson-vs-Thomson
2015,UFC on Fox 17: dos Anjos vs. Cerrone 2,https://mmadecisions.com/event/674/UFC-on-Fox-17-dos-Anjos-vs-Cerrone-2
2015,UFC 194: Aldo vs. McGregor,https://mmadecisions.com/event/673/UFC-194-Aldo-vs-McGregor
2015,UFC Fight Night 80: Namajunas vs. VanZant,https://mmadecisions.com/event/671/UFC-Fight-Night-80-Namajunas-vs-VanZant
2015,UFC Fight Night 79: Henderson vs. Masvidal,https://mmadecisions.com/event/667/UFC-Fight-Night-79-Henderson-vs-Masvidal
2015,UFC Fight Night 78: Magny vs. Gastelum,https://mmadecisions.com/event/665/UFC-Fight-Night-78-Magny-vs-Gastelum
2015,UFC 193: Rousey vs. Holm,https://mmadecisions.com/event/662/UFC-193-Rousey-vs-Holm
2015,UFC Fight Night 77: Belfort vs. Henderson 3,https://mmadecisions.com/event/661/UFC-Fight-Night-77-Belfort-vs-Henderson-3
2015,UFC Fight Night 76: Holohan vs. Smolka,https://mmadecisions.com/event/657/UFC-Fight-Night-76-Holohan-vs-Smolka
2015,UFC 192: Cormier vs. Gustafsson,https://mmadecisions.com/event/654/UFC-192-Cormier-vs-Gustafsson
2015,UFC Fight Night 75: Barnett vs. Nelson,https://mmadecisions.com/event/653/UFC-Fight-Night-75-Barnett-vs-Nelson
2015,UFC 191: Johnson vs. Dodson 2,https://mmadecisions.com/event/648/UFC-191-Johnson-vs-Dodson-2
2015,UFC Fight Night 74: Holloway vs. Oliveira,https://mmadecisions.com/event/646/UFC-Fight-Night-74-Holloway-vs-Oliveira
2015,UFC Fight Night 73: Teixeira vs. Saint Preux,https://mmadecisions.com/event/645/UFC-Fight-Night-73-Teixeira-vs-Saint-Preux
2015,UFC 190: Rousey vs. Correia,https://mmadecisions.com/event/643/UFC-190-Rousey-vs-Correia
2015,UFC on Fox 16: Dillashaw vs. Barao 2,https://mmadecisions.com/event/642/UFC-on-Fox-16-Dillashaw-vs-Barao-2
2015,UFC Fight Night 72: Bisping vs. Leites,https://mmadecisions.com/event/641/UFC-Fight-Night-72-Bisping-vs-Leites
2015,UFC Fight Night 71: Mir vs. Duffee,https://mmadecisions.com/event/639/UFC-Fight-Night-71-Mir-vs-Duffee
2015,UFC 189: Mendes vs. McGregor,https://mmadecisions.com/event/637/UFC-189-Mendes-vs-McGregor
2015,UFC Fight Night 70: Machida vs. Romero,https://mmadecisions.com/event/636/UFC-Fight-Night-70-Machida-vs-Romero
2015,UFC Fight Night 69: Jedrzejczyk vs. Penne,https://mmadecisions.com/event/634/UFC-Fight-Night-69-Jedrzejczyk-vs-Penne
2015,UFC 188: Velasquez vs. Werdum,https://mmadecisions.com/event/632/UFC-188-Velasquez-vs-Werdum
2015,UFC Fight Night 68: Boetsch vs. Henderson,https://mmadecisions.com/event/631/UFC-Fight-Night-68-Boetsch-vs-Henderson
2015,UFC Fight Night 67: Condit vs. Alves,https://mmadecisions.com/event/629/UFC-Fight-Night-67-Condit-vs-Alves
2015,UFC 187: Johnson vs. Cormier,https://mmadecisions.com/event/627/UFC-187-Johnson-vs-Cormier
2015,UFC Fight Night 66: Edgar vs. Faber,https://mmadecisions.com/event/626/UFC-Fight-Night-66-Edgar-vs-Faber
2015,UFC Fight Night 65: Miocic vs. Hunt,https://mmadecisions.com/event/624/UFC-Fight-Night-65-Miocic-vs-Hunt
2015,UFC 186: Johnson vs. Horiguchi,https://mmadecisions.com/event/606/UFC-186-Johnson-vs-Horiguchi
2015,UFC on Fox 15: Machida vs. Rockhold,https://mmadecisions.com/event/605/UFC-on-Fox-15-Machida-vs-Rockhold
2015,UFC Fight Night 64: Gonzaga vs. Cro Cop 2,https://mmadecisions.com/event/604/UFC-Fight-Night-64-Gonzaga-vs-Cro-Cop-2
2015,UFC Fight Night 63: Mendes vs. Lamas,https://mmadecisions.com/event/601/UFC-Fight-Night-63-Mendes-vs-Lamas
2015,UFC Fight Night 62: Maia vs. LaFlare,https://mmadecisions.com/event/598/UFC-Fight-Night-62-Maia-vs-LaFlare
2015,UFC 185: Pettis vs. dos Anjos,https://mmadecisions.com/event/597/UFC-185-Pettis-vs-dos-Anjos
2015,UFC 184: Rousey vs. Zingano,https://mmadecisions.com/event/596/UFC-184-Rousey-vs-Zingano
2015,UFC Fight Night 61: Bigfoot vs. Mir,https://mmadecisions.com/event/594/UFC-Fight-Night-61-Bigfoot-vs-Mir
2015,UFC Fight Night 60: Henderson vs. Thatch,https://mmadecisions.com/event/592/UFC-Fight-Night-60-Henderson-vs-Thatch
2015,UFC 183: Silva vs. Diaz,https://mmadecisions.com/event/589/UFC-183-Silva-vs-Diaz
2015,UFC on Fox 14: Gustafsson vs. Johnson,https://mmadecisions.com/event/588/UFC-on-Fox-14-Gustafsson-vs-Johnson
2015,UFC Fight Night 59: McGregor vs. Siver,https://mmadecisions.com/event/587/UFC-Fight-Night-59-McGregor-vs-Siver
2015,UFC 182: Jones vs. Cormier,https://mmadecisions.com/event/572/UFC-182-Jones-vs-Cormier
2016,UFC 207: Nunes vs. Rousey,https://mmadecisions.com/event/758/UFC-207-Nunes-vs-Rousey
2016,UFC on Fox 22: VanZant vs. Waterson,https://mmadecisions.com/event/757/UFC-on-Fox-22-VanZant-vs-Waterson
2016,UFC 206: Holloway vs. Pettis,https://mmadecisions.com/event/755/UFC-206-Holloway-vs-Pettis
2016,UFC Fight Night 102: Lewis vs. Abdurakhimov,https://mmadecisions.com/event/753/UFC-Fight-Night-102-Lewis-vs-Abdurakhimov
2016,UFC Fight Night 101: Whittaker vs. Brunson,https://mmadecisions.com/event/748/UFC-Fight-Night-101-Whittaker-vs-Brunson
2016,UFC Fight Night 100: Bader vs. Nogueira 2,https://mmadecisions.com/event/745/UFC-Fight-Night-100-Bader-vs-Nogueira-2
2016,UFC Fight Night 99: Mousasi vs. Hall 2,https://mmadecisions.com/event/744/UFC-Fight-Night-99-Mousasi-vs-Hall-2
2016,UFC 205: Alvarez vs. McGregor,https://mmadecisions.com/event/743/UFC-205-Alvarez-vs-McGregor
2016,UFC 204: Bisping vs. Henderson 2,https://mmadecisions.com/event/735/UFC-204-Bisping-vs-Henderson-2
2016,UFC Fight Night 96: Lineker vs. Dodson,https://mmadecisions.com/event/733/UFC-Fight-Night-96-Lineker-vs-Dodson
2016,UFC Fight Night 95: Cyborg vs. Lansberg,https://mmadecisions.com/event/731/UFC-Fight-Night-95-Cyborg-vs-Lansberg
2016,UFC Fight Night 94: Poirier vs. Johnson,https://mmadecisions.com/event/730/UFC-Fight-Night-94-Poirier-vs-Johnson
2016,UFC 203: Miocic vs. Overeem,https://mmadecisions.com/event/727/UFC-203-Miocic-vs-Overeem
2016,UFC Fight Night 93: Arlovski vs. Barnett,https://mmadecisions.com/event/726/UFC-Fight-Night-93-Arlovski-vs-Barnett
2016,UFC on Fox 21: Maia vs. Condit,https://mmadecisions.com/event/725/UFC-on-Fox-21-Maia-vs-Condit
2016,UFC 202: Diaz vs. McGregor 2,https://mmadecisions.com/event/723/UFC-202-Diaz-vs-McGregor-2
2016,UFC Fight Night 92: Rodríguez vs. Caceres,https://mmadecisions.com/event/722/UFC-Fight-Night-92-Rodríguez-vs-Caceres
2016,UFC 201: Lawler vs. Woodley,https://mmadecisions.com/event/721/UFC-201-Lawler-vs-Woodley
2016,UFC on Fox 20: Holm vs. Shevchenko,https://mmadecisions.com/event/719/UFC-on-Fox-20-Holm-vs-Shevchenko
2016,UFC Fight Night 91: McDonald vs. Lineker,https://mmadecisions.com/event/716/UFC-Fight-Night-91-McDonald-vs-Lineker
2016,UFC 200: Tate vs. Nunes,https://mmadecisions.com/event/715/UFC-200-Tate-vs-Nunes
2016,UFC Fight Night 90: dos Anjos vs. Alvarez,https://mmadecisions.com/event/712/UFC-Fight-Night-90-dos-Anjos-vs-Alvarez
2016,UFC Fight Night 89: MacDonald vs. Thompson,https://mmadecisions.com/event/710/UFC-Fight-Night-89-MacDonald-vs-Thompson
2016,UFC 199: Rockhold vs. Bisping 2,https://mmadecisions.com/event/705/UFC-199-Rockhold-vs-Bisping-2
2016,UFC Fight Night 88: Almeida vs. Garbrandt,https://mmadecisions.com/event/704/UFC-Fight-Night-88-Almeida-vs-Garbrandt
2016,UFC 198: Werdum vs. Miocic,https://mmadecisions.com/event/701/UFC-198-Werdum-vs-Miocic
2016,UFC Fight Night 87: Overeem vs. Arlovski,https://mmadecisions.com/event/699/UFC-Fight-Night-87-Overeem-vs-Arlovski
2016,UFC 197: Jones vs. Saint Preux,https://mmadecisions.com/event/698/UFC-197-Jones-vs-Saint-Preux
2016,UFC on Fox 19: Teixeira vs. Evans,https://mmadecisions.com/event/696/UFC-on-Fox-19-Teixeira-vs-Evans
2016,UFC Fight Night 86: Rothwell vs. dos Santos,https://mmadecisions.com/event/693/UFC-Fight-Night-86-Rothwell-vs-dos-Santos
2016,UFC Fight Night 85: Hunt vs. Mir,https://mmadecisions.com/event/691/UFC-Fight-Night-85-Hunt-vs-Mir
2016,UFC 196: McGregor vs. Diaz,https://mmadecisions.com/event/689/UFC-196-McGregor-vs-Diaz
2016,UFC Fight Night 84: Silva vs. Bisping,https://mmadecisions.com/event/686/UFC-Fight-Night-84-Silva-vs-Bisping
2016,UFC Fight Night 83: Cowboy vs. Cowboy,https://mmadecisions.com/event/684/UFC-Fight-Night-83-Cowboy-vs-Cowboy
2016,UFC Fight Night 82: Hendricks vs. Thompson,https://mmadecisions.com/event/681/UFC-Fight-Night-82-Hendricks-vs-Thompson
2016,UFC on Fox 18: Johnson vs. Bader,https://mmadecisions.com/event/680/UFC-on-Fox-18-Johnson-vs-Bader
2016,UFC Fight Night 81: Dillashaw vs. Cruz,https://mmadecisions.com/event/677/UFC-Fight-Night-81-Dillashaw-vs-Cruz
2016,UFC 195: Lawler vs. Condit,https://mmadecisions.com/event/676/UFC-195-Lawler-vs-Condit
2017,UFC 219: Cyborg vs. Holm,https://mmadecisions.com/event/866/UFC-219-Cyborg-vs-Holm
2017,UFC on Fox 26: Lawler vs. dos Anjos,https://mmadecisions.com/event/864/UFC-on-Fox-26-Lawler-vs-dos-Anjos
2017,UFC Fight Night 123: Swanson vs. Ortega,https://mmadecisions.com/event/861/UFC-Fight-Night-123-Swanson-vs-Ortega
2017,UFC 218: Holloway vs. Aldo 2,https://mmadecisions.com/event/859/UFC-218-Holloway-vs-Aldo-2
2017,UFC Fight Night 122: Bisping vs. Gastelum,https://mmadecisions.com/event/855/UFC-Fight-Night-122-Bisping-vs-Gastelum
2017,UFC Fight Night 121: Werdum vs. Tybura,https://mmadecisions.com/event/854/UFC-Fight-Night-121-Werdum-vs-Tybura
2017,UFC Fight Night 120: Poirier vs. Pettis,https://mmadecisions.com/event/852/UFC-Fight-Night-120-Poirier-vs-Pettis
2017,UFC 217: Bisping vs. St-Pierre,https://mmadecisions.com/event/850/UFC-217-Bisping-vs-St-Pierre
2017,UFC Fight Night 119: Brunson vs. Machida,https://mmadecisions.com/event/848/UFC-Fight-Night-119-Brunson-vs-Machida
2017,UFC Fight Night 118: Cerrone vs. Till,https://mmadecisions.com/event/845/UFC-Fight-Night-118-Cerrone-vs-Till
2017,UFC 216: Ferguson vs. Lee,https://mmadecisions.com/event/842/UFC-216-Ferguson-vs-Lee
2017,UFC Fight Night 117: Saint Preux vs. Okami,https://mmadecisions.com/event/839/UFC-Fight-Night-117-Saint-Preux-vs-Okami
2017,UFC Fight Night 116: Rockhold vs. Branch,https://mmadecisions.com/event/836/UFC-Fight-Night-116-Rockhold-vs-Branch
2017,UFC 215: Nunes vs. Shevchenko 2,https://mmadecisions.com/event/835/UFC-215-Nunes-vs-Shevchenko-2
2017,UFC Fight Night 115: Volkov vs. Struve,https://mmadecisions.com/event/834/UFC-Fight-Night-115-Volkov-vs-Struve
2017,UFC Fight Night 114: Pettis vs. Moreno,https://mmadecisions.com/event/830/UFC-Fight-Night-114-Pettis-vs-Moreno
2017,UFC 214: Cormier vs. Jones 2,https://mmadecisions.com/event/829/UFC-214-Cormier-vs-Jones-2
2017,UFC on Fox 25: Weidman vs. Gastelum,https://mmadecisions.com/event/828/UFC-on-Fox-25-Weidman-vs-Gastelum
2017,UFC Fight Night 113: Nelson vs. Ponzinibbio,https://mmadecisions.com/event/826/UFC-Fight-Night-113-Nelson-vs-Ponzinibbio
2017,UFC 213: Romero vs. Whittaker,https://mmadecisions.com/event/824/UFC-213-Romero-vs-Whittaker
2017,UFC Fight Night 112: Chiesa vs. Lee,https://mmadecisions.com/event/819/UFC-Fight-Night-112-Chiesa-vs-Lee
2017,UFC Fight Night 111: Holm vs. Correia,https://mmadecisions.com/event/811/UFC-Fight-Night-111-Holm-vs-Correia
2017,UFC Fight Night 110: Lewis vs. Hunt,https://mmadecisions.com/event/809/UFC-Fight-Night-110-Lewis-vs-Hunt
2017,UFC 212: Aldo vs. Holloway,https://mmadecisions.com/event/808/UFC-212-Aldo-vs-Holloway
2017,UFC Fight Night 109: Gustafsson vs. Teixeira,https://mmadecisions.com/event/806/UFC-Fight-Night-109-Gustafsson-vs-Teixeira
2017,UFC 211: Miocic vs. dos Santos 2,https://mmadecisions.com/event/799/UFC-211-Miocic-vs-dos-Santos-2
2017,UFC Fight Night 108: Swanson vs. Lobov,https://mmadecisions.com/event/797/UFC-Fight-Night-108-Swanson-vs-Lobov
2017,UFC on Fox 24: Johnson vs. Reis,https://mmadecisions.com/event/795/UFC-on-Fox-24-Johnson-vs-Reis
2017,UFC 210: Cormier vs. Johnson 2,https://mmadecisions.com/event/793/UFC-210-Cormier-vs-Johnson-2
2017,UFC Fight Night 107: Manuwa vs. Anderson,https://mmadecisions.com/event/780/UFC-Fight-Night-107-Manuwa-vs-Anderson
2017,UFC Fight Night 106: Belfort vs. Gastelum,https://mmadecisions.com/event/779/UFC-Fight-Night-106-Belfort-vs-Gastelum
2017,UFC 209: Woodley vs. Thompson 2,https://mmadecisions.com/event/777/UFC-209-Woodley-vs-Thompson-2
2017,UFC Fight Night 105: Lewis vs. Browne,https://mmadecisions.com/event/774/UFC-Fight-Night-105-Lewis-vs-Browne
2017,UFC 208: Holm vs. de Randamie,https://mmadecisions.com/event/771/UFC-208-Holm-vs-de-Randamie
2017,UFC Fight Night 104: Bermudez vs. Korean Zombie,https://mmadecisions.com/event/769/UFC-Fight-Night-104-Bermudez-vs-Korean-Zombie
2017,UFC on Fox 23: Shevchenko vs. Peña,https://mmadecisions.com/event/766/UFC-on-Fox-23-Shevchenko-vs-Peña
2017,UFC Fight Night 103: Rodríguez vs. Penn,https://mmadecisions.com/event/763/UFC-Fight-Night-103-Rodríguez-vs-Penn
2018,UFC 232: Jones vs. Gustafsson 2,https://mmadecisions.com/event/952/UFC-232-Jones-vs-Gustafsson-2
2018,UFC on Fox 31: Lee vs. Iaquinta 2,https://mmadecisions.com/event/949/UFC-on-Fox-31-Lee-vs-Iaquinta-2
2018,UFC 231: Holloway vs. Ortega,https://mmadecisions.com/event/947/UFC-231-Holloway-vs-Ortega
2018,UFC Fight Night 142: dos Santos vs. Tuivasa,https://mmadecisions.com/event/944/UFC-Fight-Night-142-dos-Santos-vs-Tuivasa
2018,UFC Fight Night 141: Blaydes vs. Ngannou 2,https://mmadecisions.com/event/938/UFC-Fight-Night-141-Blaydes-vs-Ngannou-2
2018,UFC Fight Night 140: Magny vs. Ponzinibbio,https://mmadecisions.com/event/937/UFC-Fight-Night-140-Magny-vs-Ponzinibbio
2018,UFC Fight Night 139: Korean Zombie vs. Rodríguez,https://mmadecisions.com/event/934/UFC-Fight-Night-139-Korean-Zombie-vs-Rodríguez
2018,UFC 230: Cormier vs. Lewis,https://mmadecisions.com/event/933/UFC-230-Cormier-vs-Lewis
2018,UFC Fight Night 138: Volkan vs. Smith,https://mmadecisions.com/event/932/UFC-Fight-Night-138-Volkan-vs-Smith
2018,UFC 229: Khabib vs. McGregor,https://mmadecisions.com/event/927/UFC-229-Khabib-vs-McGregor
2018,UFC Fight Night 137: Santos vs. Anders,https://mmadecisions.com/event/924/UFC-Fight-Night-137-Santos-vs-Anders
2018,UFC Fight Night 136: Hunt vs. Oliynyk,https://mmadecisions.com/event/921/UFC-Fight-Night-136-Hunt-vs-Oliynyk
2018,UFC 228: Woodley vs. Till,https://mmadecisions.com/event/920/UFC-228-Woodley-vs-Till
2018,UFC Fight Night 135: Gaethje vs. Vick,https://mmadecisions.com/event/917/UFC-Fight-Night-135-Gaethje-vs-Vick
2018,UFC 227: Dillashaw vs. Garbrandt 2,https://mmadecisions.com/event/915/UFC-227-Dillashaw-vs-Garbrandt-2
2018,UFC on Fox 30: Alvarez vs. Poirier 2,https://mmadecisions.com/event/914/UFC-on-Fox-30-Alvarez-vs-Poirier-2
2018,UFC Fight Night 134: Shogun vs. Smith,https://mmadecisions.com/event/913/UFC-Fight-Night-134-Shogun-vs-Smith
2018,UFC Fight Night 133: dos Santos vs. Ivanov,https://mmadecisions.com/event/909/UFC-Fight-Night-133-dos-Santos-vs-Ivanov
2018,UFC 226: Miocic vs. Cormier,https://mmadecisions.com/event/907/UFC-226-Miocic-vs-Cormier
2018,UFC Fight Night 132: Cowboy vs. Edwards,https://mmadecisions.com/event/904/UFC-Fight-Night-132-Cowboy-vs-Edwards
2018,UFC 225: Whittaker vs. Romero 2,https://mmadecisions.com/event/902/UFC-225-Whittaker-vs-Romero-2
2018,UFC Fight Night 131: Rivera vs. Moraes,https://mmadecisions.com/event/900/UFC-Fight-Night-131-Rivera-vs-Moraes
2018,UFC Fight Night 130: Thompson vs. Till,https://mmadecisions.com/event/898/UFC-Fight-Night-130-Thompson-vs-Till
2018,UFC Fight Night 129: Maia vs. Usman,https://mmadecisions.com/event/897/UFC-Fight-Night-129-Maia-vs-Usman
2018,UFC 224: Nunes vs. Pennington,https://mmadecisions.com/event/896/UFC-224-Nunes-vs-Pennington
2018,UFC Fight Night 128: Barboza vs. Lee,https://mmadecisions.com/event/891/UFC-Fight-Night-128-Barboza-vs-Lee
2018,UFC on Fox 29: Poirier vs. Gaethje,https://mmadecisions.com/event/890/UFC-on-Fox-29-Poirier-vs-Gaethje
2018,UFC 223: Khabib vs. Iaquinta,https://mmadecisions.com/event/887/UFC-223-Khabib-vs-Iaquinta
2018,UFC Fight Night 127: Werdum vs. Volkov,https://mmadecisions.com/event/883/UFC-Fight-Night-127-Werdum-vs-Volkov
2018,UFC 222: Cyborg vs. Kunitskaya,https://mmadecisions.com/event/880/UFC-222-Cyborg-vs-Kunitskaya
2018,UFC on Fox 28: Emmett vs. Stephens,https://mmadecisions.com/event/877/UFC-on-Fox-28-Emmett-vs-Stephens
2018,UFC Fight Night 126: Cowboy vs. Medeiros,https://mmadecisions.com/event/876/UFC-Fight-Night-126-Cowboy-vs-Medeiros
2018,UFC 221: Romero vs. Rockhold,https://mmadecisions.com/event/874/UFC-221-Romero-vs-Rockhold
2018,UFC Fight Night 125: Machida vs. Anders,https://mmadecisions.com/event/873/UFC-Fight-Night-125-Machida-vs-Anders
2018,UFC on Fox 27: Jacaré vs. Brunson 2,https://mmadecisions.com/event/872/UFC-on-Fox-27-Jacaré-vs-Brunson-2
2018,UFC 220: Miocic vs. Ngannou,https://mmadecisions.com/event/870/UFC-220-Miocic-vs-Ngannou
2018,UFC Fight Night 124: Stephens vs. Choi,https://mmadecisions.com/event/868/UFC-Fight-Night-124-Stephens-vs-Choi
2019,UFC on ESPN+ 23: Edgar vs. The Korean Zombie,https://mmadecisions.com/event/1043/UFC-on-ESPN+-23-Edgar-vs-The-Korean-Zombie
2019,UFC 245: Usman vs. Covington,https://mmadecisions.com/event/1042/UFC-245-Usman-vs-Covington
2019,UFC on ESPN 7: Overeem vs. Rozenstruik,https://mmadecisions.com/event/1040/UFC-on-ESPN-7-Overeem-vs-Rozenstruik
2019,UFC on ESPN+ 22: Blachowicz vs. Jacare,https://mmadecisions.com/event/1036/UFC-on-ESPN+-22-Blachowicz-vs-Jacare
2019,UFC on ESPN+ 21: Magomedsharipov vs. Kattar,https://mmadecisions.com/event/1033/UFC-on-ESPN+-21-Magomedsharipov-vs-Kattar
2019,UFC 244: Masvidal vs. Diaz,https://mmadecisions.com/event/1031/UFC-244-Masvidal-vs-Diaz
2019,UFC on ESPN+ 20: Maia vs. Askren,https://mmadecisions.com/event/1027/UFC-on-ESPN+-20-Maia-vs-Askren
2019,UFC on ESPN 6: Reyes vs. Weidman,https://mmadecisions.com/event/1025/UFC-on-ESPN-6-Reyes-vs-Weidman
2019,UFC on ESPN+ 19: Joanna vs. Waterson,https://mmadecisions.com/event/1023/UFC-on-ESPN+-19-Joanna-vs-Waterson
2019,UFC 243: Whittaker vs. Adesanya,https://mmadecisions.com/event/1021/UFC-243-Whittaker-vs-Adesanya
2019,UFC on ESPN+ 18: Hermansson vs. Cannonier,https://mmadecisions.com/event/1015/UFC-on-ESPN+-18-Hermansson-vs-Cannonier
2019,UFC on ESPN+ 17: Rodríguez vs. Stephens,https://mmadecisions.com/event/1014/UFC-on-ESPN+-17-Rodríguez-vs-Stephens
2019,UFC on ESPN+ 16: Cerrone vs. Gaethje,https://mmadecisions.com/event/1012/UFC-on-ESPN+-16-Cerrone-vs-Gaethje
2019,UFC 242: Khabib vs. Poirier,https://mmadecisions.com/event/1010/UFC-242-Khabib-vs-Poirier
2019,UFC on ESPN+ 15: Andrade vs. Zhang,https://mmadecisions.com/event/1007/UFC-on-ESPN+-15-Andrade-vs-Zhang
2019,UFC 241: Cormier vs. Miocic 2,https://mmadecisions.com/event/1005/UFC-241-Cormier-vs-Miocic-2
2019,UFC on ESPN+ 14: Shevchenko vs. Carmouche 2,https://mmadecisions.com/event/1003/UFC-on-ESPN+-14-Shevchenko-vs-Carmouche-2
2019,UFC on ESPN 5: Covington vs. Lawler,https://mmadecisions.com/event/1002/UFC-on-ESPN-5-Covington-vs-Lawler
2019,UFC 240: Holloway vs. Edgar,https://mmadecisions.com/event/1001/UFC-240-Holloway-vs-Edgar
2019,UFC on ESPN 4: dos Anjos vs. Edwards,https://mmadecisions.com/event/1000/UFC-on-ESPN-4-dos-Anjos-vs-Edwards
2019,UFC on ESPN+ 13: de Randamie vs. Ladd,https://mmadecisions.com/event/999/UFC-on-ESPN+-13-de-Randamie-vs-Ladd
2019,UFC 239: Jones vs. Santos,https://mmadecisions.com/event/997/UFC-239-Jones-vs-Santos
2019,UFC on ESPN 3: Ngannou vs. dos Santos,https://mmadecisions.com/event/996/UFC-on-ESPN-3-Ngannou-vs-dos-Santos
2019,UFC on ESPN+ 12: Moicano vs. The Korean Zombie,https://mmadecisions.com/event/994/UFC-on-ESPN+-12-Moicano-vs-The-Korean-Zombie
2019,UFC 238: Cejudo vs. Moraes,https://mmadecisions.com/event/991/UFC-238-Cejudo-vs-Moraes
2019,UFC on ESPN+ 11: Gustafsson vs. Smith,https://mmadecisions.com/event/988/UFC-on-ESPN+-11-Gustafsson-vs-Smith
2019,UFC on ESPN+ 10: dos Anjos vs. Lee,https://mmadecisions.com/event/987/UFC-on-ESPN+-10-dos-Anjos-vs-Lee
2019,UFC 237: Namajunas vs. Andrade,https://mmadecisions.com/event/985/UFC-237-Namajunas-vs-Andrade
2019,UFC on ESPN+ 9: Iaquinta vs. Cowboy,https://mmadecisions.com/event/981/UFC-on-ESPN+-9-Iaquinta-vs-Cowboy
2019,UFC on ESPN+ 8: Jacaré vs. Hermansson,https://mmadecisions.com/event/977/UFC-on-ESPN+-8-Jacaré-vs-Hermansson
2019,UFC on ESPN+ 7: Overeem vs. Oleinik,https://mmadecisions.com/event/976/UFC-on-ESPN+-7-Overeem-vs-Oleinik
2019,UFC 236: Holloway vs. Poirier 2,https://mmadecisions.com/event/975/UFC-236-Holloway-vs-Poirier-2
2019,UFC on ESPN 2: Barboza vs. Gaethje,https://mmadecisions.com/event/974/UFC-on-ESPN-2-Barboza-vs-Gaethje
2019,UFC on ESPN+ 6: Thompson vs. Pettis,https://mmadecisions.com/event/971/UFC-on-ESPN+-6-Thompson-vs-Pettis
2019,UFC on ESPN+ 5: Till vs. Masvidal,https://mmadecisions.com/event/969/UFC-on-ESPN+-5-Till-vs-Masvidal
2019,UFC on ESPN+ 4: Lewis vs. dos Santos,https://mmadecisions.com/event/968/UFC-on-ESPN+-4-Lewis-vs-dos-Santos
2019,UFC 235: Jones vs. Smith,https://mmadecisions.com/event/965/UFC-235-Jones-vs-Smith
2019,UFC on ESPN+ 3: Blachowicz vs. Santos,https://mmadecisions.com/event/963/UFC-on-ESPN+-3-Blachowicz-vs-Santos
2019,UFC on ESPN 1: Ngannou vs. Velasquez,https://mmadecisions.com/event/962/UFC-on-ESPN-1-Ngannou-vs-Velasquez
2019,UFC 234: Adesanya vs. Silva,https://mmadecisions.com/event/957/UFC-234-Adesanya-vs-Silva
2019,UFC on ESPN+ 2: Assunção vs. Moraes 2,https://mmadecisions.com/event/955/UFC-on-ESPN+-2-Assunção-vs-Moraes-2
2019,UFC Fight Night on ESPN+ 1: Cejudo vs. Dillashaw,https://mmadecisions.com/event/953/UFC-Fight-Night-on-ESPN+-1-Cejudo-vs-Dillashaw
2020,UFC on ESPN+ 41: Thompson vs. Neal,https://mmadecisions.com/event/1124/UFC-on-ESPN+-41-Thompson-vs-Neal
2020,UFC 256: Figueiredo vs. Moreno,https://mmadecisions.com/event/1122/UFC-256-Figueiredo-vs-Moreno
2020,UFC on ESPN 19: Hermansson vs. Vettori,https://mmadecisions.com/event/1117/UFC-on-ESPN-19-Hermansson-vs-Vettori
2020,UFC on ESPN 18: Smith vs. Clark,https://mmadecisions.com/event/1116/UFC-on-ESPN-18-Smith-vs-Clark
2020,UFC 255: Figueiredo vs. Perez,https://mmadecisions.com/event/1115/UFC-255-Figueiredo-vs-Perez
2020,UFC on ESPN+ 41: Felder vs. dos Anjos,https://mmadecisions.com/event/1112/UFC-on-ESPN+-41-Felder-vs-dos-Anjos
2020,UFC on ESPN+ 40: Santos vs. Teixeira,https://mmadecisions.com/event/1109/UFC-on-ESPN+-40-Santos-vs-Teixeira
2020,UFC on ESPN+ 39: Hall vs. Silva,https://mmadecisions.com/event/1107/UFC-on-ESPN+-39-Hall-vs-Silva
2020,UFC 254: Khabib vs. Gaethje,https://mmadecisions.com/event/1105/UFC-254-Khabib-vs-Gaethje
2020,UFC on ESPN+ 38: Ortega vs. The Korean Zombie,https://mmadecisions.com/event/1104/UFC-on-ESPN+-38-Ortega-vs-The-Korean-Zombie
2020,UFC on ESPN+ 37: Moraes vs. Sandhagen,https://mmadecisions.com/event/1102/UFC-on-ESPN+-37-Moraes-vs-Sandhagen
2020,UFC on ESPN 16: Holm vs. Aldana,https://mmadecisions.com/event/1099/UFC-on-ESPN-16-Holm-vs-Aldana
2020,UFC 253: Adesanya vs. Costa,https://mmadecisions.com/event/1096/UFC-253-Adesanya-vs-Costa
2020,UFC on ESPN+ 36: Covington vs. Woodley,https://mmadecisions.com/event/1091/UFC-on-ESPN+-36-Covington-vs-Woodley
2020,UFC on ESPN+ 35: Waterson vs. Hill,https://mmadecisions.com/event/1088/UFC-on-ESPN+-35-Waterson-vs-Hill
2020,UFC on ESPN+ 34: Overeem vs. Sakai,https://mmadecisions.com/event/1086/UFC-on-ESPN+-34-Overeem-vs-Sakai
2020,UFC on ESPN+ 33: Smith vs. Rakic,https://mmadecisions.com/event/1085/UFC-on-ESPN+-33-Smith-vs-Rakic
2020,UFC on ESPN 15: Munhoz vs. Edgar,https://mmadecisions.com/event/1083/UFC-on-ESPN-15-Munhoz-vs-Edgar
2020,UFC 252: Miocic vs. Cormier 3,https://mmadecisions.com/event/1081/UFC-252-Miocic-vs-Cormier-3
2020,UFC on ESPN+ 32: Lewis vs. Oleinik,https://mmadecisions.com/event/1080/UFC-on-ESPN+-32-Lewis-vs-Oleinik
2020,UFC on ESPN+ 31: Brunson vs. Shahbazyan,https://mmadecisions.com/event/1078/UFC-on-ESPN+-31-Brunson-vs-Shahbazyan
2020,UFC on ESPN 14: Whittaker vs. Till,https://mmadecisions.com/event/1076/UFC-on-ESPN-14-Whittaker-vs-Till
2020,UFC on ESPN+ 30: Figueiredo vs. Benavidez 2,https://mmadecisions.com/event/1074/UFC-on-ESPN+-30-Figueiredo-vs-Benavidez-2
2020,UFC on ESPN 13: Kattar vs. Ige,https://mmadecisions.com/event/1073/UFC-on-ESPN-13-Kattar-vs-Ige
2020,UFC 251: Usman vs. Masvidal,https://mmadecisions.com/event/1072/UFC-251-Usman-vs-Masvidal
2020,UFC on ESPN 12: Poirier vs. Hooker,https://mmadecisions.com/event/1069/UFC-on-ESPN-12-Poirier-vs-Hooker
2020,UFC Vegas 3: Blaydes vs. Volkov,https://mmadecisions.com/event/1068/UFC-Vegas-3-Blaydes-vs-Volkov
2020,UFC on ESPN: Eye vs. Calvillo,https://mmadecisions.com/event/1067/UFC-on-ESPN-Eye-vs-Calvillo
2020,UFC 250: Nunes vs. Spencer,https://mmadecisions.com/event/1066/UFC-250-Nunes-vs-Spencer
2020,UFC on ESPN 9: Woodley vs. Burns,https://mmadecisions.com/event/1065/UFC-on-ESPN-9-Woodley-vs-Burns
2020,UFC on ESPN 8: Overeem vs. Harris,https://mmadecisions.com/event/1064/UFC-on-ESPN-8-Overeem-vs-Harris
2020,UFC on ESPN+ 29: Smith vs. Teixeira,https://mmadecisions.com/event/1063/UFC-on-ESPN+-29-Smith-vs-Teixeira
2020,UFC 249: Ferguson vs. Gaethje,https://mmadecisions.com/event/1062/UFC-249-Ferguson-vs-Gaethje
2020,UFC on ESPN+ 28: Lee vs. Oliveira,https://mmadecisions.com/event/1060/UFC-on-ESPN+-28-Lee-vs-Oliveira
2020,UFC 248: Adesanya vs. Romero,https://mmadecisions.com/event/1059/UFC-248-Adesanya-vs-Romero
2020,UFC on ESPN+ 27: Benavidez vs. Figueiredo,https://mmadecisions.com/event/1056/UFC-on-ESPN+-27-Benavidez-vs-Figueiredo
2020,UFC on ESPN+ 26: Felder vs. Hooker,https://mmadecisions.com/event/1055/UFC-on-ESPN+-26-Felder-vs-Hooker
2020,UFC on ESPN+ 25: Anderson vs. Blachowicz 2,https://mmadecisions.com/event/1052/UFC-on-ESPN+-25-Anderson-vs-Blachowicz-2
2020,UFC 247: Jones vs. Reyes,https://mmadecisions.com/event/1051/UFC-247-Jones-vs-Reyes
2020,UFC on ESPN+ 24: Blaydes vs. dos Santos,https://mmadecisions.com/event/1049/UFC-on-ESPN+-24-Blaydes-vs-dos-Santos
2020,UFC 246: McGregor vs. Cowboy,https://mmadecisions.com/event/1047/UFC-246-McGregor-vs-Cowboy
2021,UFC on ESPN+ 57: Lewis vs. Daukaus,https://mmadecisions.com/event/1240/UFC-on-ESPN+-57-Lewis-vs-Daukaus
2021,UFC 269: Oliveira vs. Poirier,https://mmadecisions.com/event/1239/UFC-269-Oliveira-vs-Poirier
2021,UFC on ESPN 31: Font vs. Aldo,https://mmadecisions.com/event/1235/UFC-on-ESPN-31-Font-vs-Aldo
2021,UFC on ESPN+ 56: Vieira vs. Tate,https://mmadecisions.com/event/1233/UFC-on-ESPN+-56-Vieira-vs-Tate
2021,UFC on ESPN+ 55: Holloway vs. Rodriguez,https://mmadecisions.com/event/1232/UFC-on-ESPN+-55-Holloway-vs-Rodriguez
2021,UFC 268: Usman vs. Covington 2,https://mmadecisions.com/event/1230/UFC-268-Usman-vs-Covington-2
2021,UFC 267: Blachowicz vs. Teixeira,https://mmadecisions.com/event/1228/UFC-267-Blachowicz-vs-Teixeira
2021,UFC on ESPN+ 54: Costa vs. Vettori,https://mmadecisions.com/event/1226/UFC-on-ESPN+-54-Costa-vs-Vettori
2021,UFC on ESPN+ 53: Ladd vs. Dumont,https://mmadecisions.com/event/1222/UFC-on-ESPN+-53-Ladd-vs-Dumont
2021,UFC on ESPN+ 52: Dern vs. Rodriguez,https://mmadecisions.com/event/1221/UFC-on-ESPN+-52-Dern-vs-Rodriguez
2021,UFC on ESPN+ 51: Santos vs. Walker,https://mmadecisions.com/event/1220/UFC-on-ESPN+-51-Santos-vs-Walker
2021,UFC 266: Volkanovski vs. Ortega,https://mmadecisions.com/event/1215/UFC-266-Volkanovski-vs-Ortega
2021,UFC on ESPN+ 50: Smith vs. Spann,https://mmadecisions.com/event/1213/UFC-on-ESPN+-50-Smith-vs-Spann
2021,UFC on ESPN+ 49: Brunson vs. Till,https://mmadecisions.com/event/1211/UFC-on-ESPN+-49-Brunson-vs-Till
2021,UFC on ESPN 30: Barboza vs. Chikadze,https://mmadecisions.com/event/1210/UFC-on-ESPN-30-Barboza-vs-Chikadze
2021,UFC on ESPN 29: Cannonier vs. Gastelum,https://mmadecisions.com/event/1207/UFC-on-ESPN-29-Cannonier-vs-Gastelum
2021,UFC 265: Lewis vs. Gane,https://mmadecisions.com/event/1189/UFC-265-Lewis-vs-Gane
2021,UFC on ESPN 28: Hall vs. Strickland,https://mmadecisions.com/event/1183/UFC-on-ESPN-28-Hall-vs-Strickland
2021,UFC on ESPN 27: Sandhagen vs. Dillashaw,https://mmadecisions.com/event/1177/UFC-on-ESPN-27-Sandhagen-vs-Dillashaw
2021,UFC on ESPN 26: Makhachev vs. Moises,https://mmadecisions.com/event/1169/UFC-on-ESPN-26-Makhachev-vs-Moises
2021,UFC 264: Poirier vs. McGregor 3,https://mmadecisions.com/event/1166/UFC-264-Poirier-vs-McGregor-3
2021,UFC on ESPN+ 48: Gane vs. Volkov,https://mmadecisions.com/event/1163/UFC-on-ESPN+-48-Gane-vs-Volkov
2021,UFC on ESPN 25: Jung vs. Ige,https://mmadecisions.com/event/1160/UFC-on-ESPN-25-Jung-vs-Ige
2021,UFC 263: Adesanya vs. Vettori 2,https://mmadecisions.com/event/1158/UFC-263-Adesanya-vs-Vettori-2
2021,UFC on ESPN+ 47: Rozenstruik vs. Sakai,https://mmadecisions.com/event/1156/UFC-on-ESPN+-47-Rozenstruik-vs-Sakai
2021,UFC on ESPN+ 46: Font vs. Garbrandt,https://mmadecisions.com/event/1155/UFC-on-ESPN+-46-Font-vs-Garbrandt
2021,UFC 262: Oliveira vs. Chandler,https://mmadecisions.com/event/1152/UFC-262-Oliveira-vs-Chandler
2021,UFC on ESPN 24: Rodriguez vs. Waterson,https://mmadecisions.com/event/1150/UFC-on-ESPN-24-Rodriguez-vs-Waterson
2021,UFC on ESPN 23: Reyes vs. Prochazka,https://mmadecisions.com/event/1148/UFC-on-ESPN-23-Reyes-vs-Prochazka
2021,UFC 261: Usman vs. Masvidal 2,https://mmadecisions.com/event/1147/UFC-261-Usman-vs-Masvidal-2
2021,UFC on ESPN 22: Whittaker vs. Gastelum,https://mmadecisions.com/event/1145/UFC-on-ESPN-22-Whittaker-vs-Gastelum
2021,UFC on ABC 2: Vettori vs. Holland,https://mmadecisions.com/event/1143/UFC-on-ABC-2-Vettori-vs-Holland
2021,UFC 260: Miocic vs. Ngannou 2,https://mmadecisions.com/event/1140/UFC-260-Miocic-vs-Ngannou-2
2021,UFC on ESPN 21: Brunson vs. Holland,https://mmadecisions.com/event/1139/UFC-on-ESPN-21-Brunson-vs-Holland
2021,UFC on ESPN+ 45: Edwards vs. Muhammad,https://mmadecisions.com/event/1134/UFC-on-ESPN+-45-Edwards-vs-Muhammad
2021,UFC 259: Blachowicz vs. Adesanya,https://mmadecisions.com/event/1133/UFC-259-Blachowicz-vs-Adesanya
2021,UFC on ESPN+ 44: Rozenstruik vs. Gane,https://mmadecisions.com/event/1132/UFC-on-ESPN+-44-Rozenstruik-vs-Gane
2021,UFC on ESPN+ 43: Blaydes vs. Lewis,https://mmadecisions.com/event/1131/UFC-on-ESPN+-43-Blaydes-vs-Lewis
2021,UFC 258: Usman vs. Burns,https://mmadecisions.com/event/1130/UFC-258-Usman-vs-Burns
2021,UFC on ESPN+ 42: Overeem vs. Volkov,https://mmadecisions.com/event/1129/UFC-on-ESPN+-42-Overeem-vs-Volkov
2021,UFC 257: Poirier vs. McGregor 2,https://mmadecisions.com/event/1127/UFC-257-Poirier-vs-McGregor-2
2021,UFC on ESPN 20: Chiesa vs. Magny,https://mmadecisions.com/event/1126/UFC-on-ESPN-20-Chiesa-vs-Magny
2021,UFC on ABC 1: Holloway vs. Kattar,https://mmadecisions.com/event/1125/UFC-on-ABC-1-Holloway-vs-Kattar
2022,UFC on ESPN+ 74: Cannonier vs. Strickland,https://mmadecisions.com/event/1345/UFC-on-ESPN+-74-Cannonier-vs-Strickland
2022,UFC 282: Blachowicz vs. Ankalaev,https://mmadecisions.com/event/1343/UFC-282-Blachowicz-vs-Ankalaev
2022,UFC on ESPN 42: Thompson vs. Holland,https://mmadecisions.com/event/1341/UFC-on-ESPN-42-Thompson-vs-Holland
2022,UFC on ESPN+ 73: Lewis vs. Spivak,https://mmadecisions.com/event/1338/UFC-on-ESPN+-73-Lewis-vs-Spivak
2022,UFC 281: Adesanya vs. Pereira,https://mmadecisions.com/event/1336/UFC-281-Adesanya-vs-Pereira
2022,UFC on ESPN+ 72: Rodriguez vs. Lemos,https://mmadecisions.com/event/1333/UFC-on-ESPN+-72-Rodriguez-vs-Lemos
2022,UFC on ESPN+ 71: Kattar vs. Allen,https://mmadecisions.com/event/1330/UFC-on-ESPN+-71-Kattar-vs-Allen
2022,UFC 280: Oliveira vs. Makhachev,https://mmadecisions.com/event/1329/UFC-280-Oliveira-vs-Makhachev
2022,UFC on ESPN+ 70: Grasso vs. Araujo,https://mmadecisions.com/event/1328/UFC-on-ESPN+-70-Grasso-vs-Araujo
2022,UFC on ESPN+ 69: Dern vs. Yan,https://mmadecisions.com/event/1324/UFC-on-ESPN+-69-Dern-vs-Yan
2022,UFC on ESPN+ 68: Sandhagen vs. Song,https://mmadecisions.com/event/1320/UFC-on-ESPN+-68-Sandhagen-vs-Song
2022,UFC 279: Diaz vs. Ferguson,https://mmadecisions.com/event/1319/UFC-279-Diaz-vs-Ferguson
2022,UFC on ESPN+ 67: Gane vs. Tuivasa,https://mmadecisions.com/event/1318/UFC-on-ESPN+-67-Gane-vs-Tuivasa
2022,UFC 278: Usman vs. Edwards 2,https://mmadecisions.com/event/1316/UFC-278-Usman-vs-Edwards-2
2022,UFC on ESPN 41: Vera vs. Cruz,https://mmadecisions.com/event/1313/UFC-on-ESPN-41-Vera-vs-Cruz
2022,UFC 277: Pena vs. Nunes 2,https://mmadecisions.com/event/1307/UFC-277-Pena-vs-Nunes-2
2022,UFC on ESPN+ 66: Blaydes vs. Aspinall,https://mmadecisions.com/event/1305/UFC-on-ESPN+-66-Blaydes-vs-Aspinall
2022,UFC on ABC 3: Ortega vs. Rodriguez,https://mmadecisions.com/event/1301/UFC-on-ABC-3-Ortega-vs-Rodriguez
2022,UFC on ESPN 39: dos Anjos vs. Fiziev,https://mmadecisions.com/event/1300/UFC-on-ESPN-39-dos-Anjos-vs-Fiziev
2022,UFC 276: Adesanya vs. Cannonier,https://mmadecisions.com/event/1299/UFC-276-Adesanya-vs-Cannonier
2022,UFC on ESPN 38: Tsarukyan vs. Gamrot,https://mmadecisions.com/event/1297/UFC-on-ESPN-38-Tsarukyan-vs-Gamrot
2022,UFC on ESPN 37: Kattar vs. Emmett,https://mmadecisions.com/event/1292/UFC-on-ESPN-37-Kattar-vs-Emmett
2022,UFC 275: Teixeira vs. Prochazka,https://mmadecisions.com/event/1289/UFC-275-Teixeira-vs-Prochazka
2022,UFC on ESPN+ 65: Volkov vs. Rozenstruik,https://mmadecisions.com/event/1288/UFC-on-ESPN+-65-Volkov-vs-Rozenstruik
2022,UFC on ESPN+ 64: Holm vs. Vieira,https://mmadecisions.com/event/1284/UFC-on-ESPN+-64-Holm-vs-Vieira
2022,UFC on ESPN 36: Blachowicz vs. Rakic,https://mmadecisions.com/event/1283/UFC-on-ESPN-36-Blachowicz-vs-Rakic
2022,UFC 274: Oliveira vs. Gaethje,https://mmadecisions.com/event/1280/UFC-274-Oliveira-vs-Gaethje
2022,UFC on ESPN 35: Font vs. Vera,https://mmadecisions.com/event/1276/UFC-on-ESPN-35-Font-vs-Vera
2022,UFC on ESPN+ 63: Lemos vs. Andrade,https://mmadecisions.com/event/1273/UFC-on-ESPN+-63-Lemos-vs-Andrade
2022,UFC on ESPN 34: Luque vs. Muhammad 2,https://mmadecisions.com/event/1269/UFC-on-ESPN-34-Luque-vs-Muhammad-2
2022,UFC 273: Volkanovski vs. The Korean Zombie,https://mmadecisions.com/event/1267/UFC-273-Volkanovski-vs-The-Korean-Zombie
2022,UFC on ESPN+ 63: Blaydes vs. Daukaus,https://mmadecisions.com/event/1264/UFC-on-ESPN+-63-Blaydes-vs-Daukaus
2022,UFC on ESPN+ 62: Volkov vs. Aspinall,https://mmadecisions.com/event/1262/UFC-on-ESPN+-62-Volkov-vs-Aspinall
2022,UFC on ESPN+ 61: Santos vs. Ankalaev,https://mmadecisions.com/event/1259/UFC-on-ESPN+-61-Santos-vs-Ankalaev
2022,UFC 272: Covington vs. Masvidal,https://mmadecisions.com/event/1256/UFC-272-Covington-vs-Masvidal
2022,UFC on ESPN+ 60: Makhachev vs. Green,https://mmadecisions.com/event/1254/UFC-on-ESPN+-60-Makhachev-vs-Green
2022,UFC on ESPN+ 59: Walker vs. Hill,https://mmadecisions.com/event/1251/UFC-on-ESPN+-59-Walker-vs-Hill
2022,UFC 271: Adesanya vs. Whittaker 2,https://mmadecisions.com/event/1250/UFC-271-Adesanya-vs-Whittaker-2
2022,UFC on ESPN+ 58: Hermansson vs. Strickland,https://mmadecisions.com/event/1249/UFC-on-ESPN+-58-Hermansson-vs-Strickland
2022,UFC 270: Ngannou vs. Gane,https://mmadecisions.com/event/1245/UFC-270-Ngannou-vs-Gane
2022,UFC on ESPN 32: Kattar vs. Chikadze,https://mmadecisions.com/event/1244/UFC-on-ESPN-32-Kattar-vs-Chikadze
2023,UFC 296: Edwards vs. Covington,https://mmadecisions.com/event/1433/UFC-296-Edwards-vs-Covington
2023,UFC on ESPN+ 91: Song vs. Gutierrez,https://mmadecisions.com/event/1432/UFC-on-ESPN+-91-Song-vs-Gutierrez
2023,UFC on ESPN 52: Dariush vs. Tsarukyan,https://mmadecisions.com/event/1431/UFC-on-ESPN-52-Dariush-vs-Tsarukyan
2023,UFC on ESPN+ 90: Allen vs. Craig,https://mmadecisions.com/event/1428/UFC-on-ESPN+-90-Allen-vs-Craig
2023,UFC 295: Prochazka vs. Pereira,https://mmadecisions.com/event/1426/UFC-295-Prochazka-vs-Pereira
2023,UFC on ESPN+ 89: Almeida vs. Lewis,https://mmadecisions.com/event/1424/UFC-on-ESPN+-89-Almeida-vs-Lewis
2023,UFC 294: Makhachev vs. Volkanovski 2,https://mmadecisions.com/event/1421/UFC-294-Makhachev-vs-Volkanovski-2
2023,UFC on ESPN+ 88: Yusuff vs. Barboza,https://mmadecisions.com/event/1420/UFC-on-ESPN+-88-Yusuff-vs-Barboza
2023,UFC on ESPN+ 87: Dawson vs. Green,https://mmadecisions.com/event/1417/UFC-on-ESPN+-87-Dawson-vs-Green
2023,UFC on ESPN+ 86: Fiziev vs. Gamrot,https://mmadecisions.com/event/1415/UFC-on-ESPN+-86-Fiziev-vs-Gamrot
2023,UFC 293: Adesanya vs. Strickland,https://mmadecisions.com/event/1411/UFC-293-Adesanya-vs-Strickland
2023,UFC on ESPN+ 84: Gane vs. Spivak,https://mmadecisions.com/event/1409/UFC-on-ESPN+-84-Gane-vs-Spivak
2023,UFC on ESPN+ 83: Holloway vs. The Korean Zombie,https://mmadecisions.com/event/1408/UFC-on-ESPN+-83-Holloway-vs-The-Korean-Zombie
2023,UFC 292: Sterling vs. O'Malley,https://mmadecisions.com/event/1406/UFC-292-Sterling-vs-O-Malley
2023,UFC on ESPN 51: Luque vs. dos Anjos,https://mmadecisions.com/event/1403/UFC-on-ESPN-51-Luque-vs-dos-Anjos
2023,UFC on ESPN 50: Sandhagen vs. Font,https://mmadecisions.com/event/1401/UFC-on-ESPN-50-Sandhagen-vs-Font
2023,UFC 291: Poirier vs. Gaethje 2,https://mmadecisions.com/event/1399/UFC-291-Poirier-vs-Gaethje-2
2023,UFC on ESPN+ 82: Aspinall vs. Tybura,https://mmadecisions.com/event/1397/UFC-on-ESPN+-82-Aspinall-vs-Tybura
2023,UFC on ESPN 49: Holm vs. Bueno Silva,https://mmadecisions.com/event/1395/UFC-on-ESPN-49-Holm-vs-Bueno-Silva
2023,UFC 290: Volkanovski vs. Rodriguez,https://mmadecisions.com/event/1394/UFC-290-Volkanovski-vs-Rodriguez
2023,UFC on ESPN 48: Strickland vs. Magomedov,https://mmadecisions.com/event/1392/UFC-on-ESPN-48-Strickland-vs-Magomedov
2023,UFC on ABC 5: Emmett vs. Topuria,https://mmadecisions.com/event/1391/UFC-on-ABC-5-Emmett-vs-Topuria
2023,UFC on ESPN 47: Vettori vs. Cannonier,https://mmadecisions.com/event/1389/UFC-on-ESPN-47-Vettori-vs-Cannonier
2023,UFC 289: Nunes vs. Aldana,https://mmadecisions.com/event/1386/UFC-289-Nunes-vs-Aldana
2023,UFC on ESPN 46: Kara-France vs. Albazi,https://mmadecisions.com/event/1384/UFC-on-ESPN-46-Kara-France-vs-Albazi
2023,UFC on ESPN+ 81: Dern vs. Hill,https://mmadecisions.com/event/1382/UFC-on-ESPN+-81-Dern-vs-Hill
2023,UFC on ABC 4: Rozenstruik vs. Almeida,https://mmadecisions.com/event/1381/UFC-on-ABC-4-Rozenstruik-vs-Almeida
2023,UFC 288: Sterling vs. Cejudo,https://mmadecisions.com/event/1379/UFC-288-Sterling-vs-Cejudo
2023,UFC on ESPN+ 81: Song vs. Simon,https://mmadecisions.com/event/1376/UFC-on-ESPN+-81-Song-vs-Simon
2023,UFC on ESPN+ 80: Pavlovich vs. Blaydes,https://mmadecisions.com/event/1373/UFC-on-ESPN+-80-Pavlovich-vs-Blaydes
2023,UFC on ESPN 44: Holloway vs. Allen,https://mmadecisions.com/event/1370/UFC-on-ESPN-44-Holloway-vs-Allen
2023,UFC 287: Pereira vs. Adesanya 2,https://mmadecisions.com/event/1368/UFC-287-Pereira-vs-Adesanya-2
2023,UFC on ESPN 43: Vera vs. Sandhagen,https://mmadecisions.com/event/1364/UFC-on-ESPN-43-Vera-vs-Sandhagen
2023,UFC 286: Edwards vs. Usman 3,https://mmadecisions.com/event/1362/UFC-286-Edwards-vs-Usman-3
2023,UFC on ESPN+ 79: Yan vs. Dvalishvili,https://mmadecisions.com/event/1360/UFC-on-ESPN+-79-Yan-vs-Dvalishvili
2023,UFC 285: Jones vs. Gane,https://mmadecisions.com/event/1357/UFC-285-Jones-vs-Gane
2023,UFC on ESPN+ 78: Muniz vs. Allen,https://mmadecisions.com/event/1356/UFC-on-ESPN+-78-Muniz-vs-Allen
2023,UFC on ESPN+ 77: Andrade vs. Blanchfield,https://mmadecisions.com/event/1354/UFC-on-ESPN+-77-Andrade-vs-Blanchfield
2023,UFC 284: Makhachev vs. Volkanovski,https://mmadecisions.com/event/1353/UFC-284-Makhachev-vs-Volkanovski
2023,UFC on ESPN+ 76: Lewis vs. Spivak,https://mmadecisions.com/event/1352/UFC-on-ESPN+-76-Lewis-vs-Spivak
2023,UFC 283: Teixeira vs. Hill,https://mmadecisions.com/event/1350/UFC-283-Teixeira-vs-Hill
2023,UFC on ESPN+ 75: Strickland vs. Imavov,https://mmadecisions.com/event/1348/UFC-on-ESPN+-75-Strickland-vs-Imavov
2024,UFC on ESPN 65: Covington vs. Buckley,https://mmadecisions.com/event/1517/UFC-on-ESPN-65-Covington-vs-Buckley
2024,UFC 310: Pantoja vs. Asakura,https://mmadecisions.com/event/1516/UFC-310-Pantoja-vs-Asakura
2024,UFC on ESPN+ 106: Yan vs. Figueiredo,https://mmadecisions.com/event/1513/UFC-on-ESPN+-106-Yan-vs-Figueiredo
2024,UFC 309: Jones vs. Miocic,https://mmadecisions.com/event/1512/UFC-309-Jones-vs-Miocic
2024,UFC on ESPN+ 105: Magny vs. Prates,https://mmadecisions.com/event/1508/UFC-on-ESPN+-105-Magny-vs-Prates
2024,UFC on ESPN+ 104: Moreno vs. Albazi,https://mmadecisions.com/event/1507/UFC-on-ESPN+-104-Moreno-vs-Albazi
2024,UFC 308: Topuria vs. Holloway,https://mmadecisions.com/event/1505/UFC-308-Topuria-vs-Holloway
2024,UFC on ESPN+ 103: Hernandez vs. Pereira,https://mmadecisions.com/event/1504/UFC-on-ESPN+-103-Hernandez-vs-Pereira
2024,UFC on ESPN+ 102: Royval vs. Taira,https://mmadecisions.com/event/1501/UFC-on-ESPN+-102-Royval-vs-Taira
2024,UFC 307: Pereira vs. Rountree Jr.,https://mmadecisions.com/event/1500/UFC-307-Pereira-vs-Rountree-Jr
2024,UFC on ESPN+ 101: Moicano vs. Saint Denis,https://mmadecisions.com/event/1499/UFC-on-ESPN+-101-Moicano-vs-Saint-Denis
2024,UFC 306: O'Malley vs. Dvalishvili,https://mmadecisions.com/event/1495/UFC-306-O-Malley-vs-Dvalishvili
2024,UFC on ESPN+ 100: Burns vs. Brady,https://mmadecisions.com/event/1493/UFC-on-ESPN+-100-Burns-vs-Brady
2024,UFC on ESPN 62: Cannonier vs. Borralho,https://mmadecisions.com/event/1491/UFC-on-ESPN-62-Cannonier-vs-Borralho
2024,UFC 305: du Plessis vs. Adesanya,https://mmadecisions.com/event/1489/UFC-305-du-Plessis-vs-Adesanya
2024,UFC on ESPN 61: Tybura vs. Spivac 2,https://mmadecisions.com/event/1487/UFC-on-ESPN-61-Tybura-vs-Spivac-2
2024,UFC on ABC 7: Sandhagen vs. Nurmagomedov,https://mmadecisions.com/event/1485/UFC-on-ABC-7-Sandhagen-vs-Nurmagomedov
2024,UFC 304: Edwards vs. Muhammad 2,https://mmadecisions.com/event/1484/UFC-304-Edwards-vs-Muhammad-2
2024,UFC on ESPN 60: Lemos vs. Jandiroba,https://mmadecisions.com/event/1480/UFC-on-ESPN-60-Lemos-vs-Jandiroba
2024,UFC on ESPN 59: Namajunas vs. Cortez,https://mmadecisions.com/event/1479/UFC-on-ESPN-59-Namajunas-vs-Cortez
2024,UFC 303: Pereira vs. Prochazka 2,https://mmadecisions.com/event/1478/UFC-303-Pereira-vs-Prochazka-2
2024,UFC on ABC 6: Whittaker vs. Aliskerov,https://mmadecisions.com/event/1475/UFC-on-ABC-6-Whittaker-vs-Aliskerov
2024,UFC on ESPN 58: Perez vs. Taira,https://mmadecisions.com/event/1472/UFC-on-ESPN-58-Perez-vs-Taira
2024,UFC on ESPN 57: Cannonier vs. Imavov,https://mmadecisions.com/event/1471/UFC-on-ESPN-57-Cannonier-vs-Imavov
2024,UFC 302: Makhachev vs. Poirier,https://mmadecisions.com/event/1470/UFC-302-Makhachev-vs-Poirier
2024,UFC on ESPN+ 99: Barboza vs. Murphy,https://mmadecisions.com/event/1467/UFC-on-ESPN+-99-Barboza-vs-Murphy
2024,UFC on ESPN 56: Lewis vs. Nascimento,https://mmadecisions.com/event/1465/UFC-on-ESPN-56-Lewis-vs-Nascimento
2024,UFC 301: Pantoja vs. Erceg,https://mmadecisions.com/event/1464/UFC-301-Pantoja-vs-Erceg
2024,UFC Vegas 91: Nicolau vs. Perez,https://mmadecisions.com/event/1463/UFC-Vegas-91-Nicolau-vs-Perez
2024,UFC 300: Pereira vs. Hill,https://mmadecisions.com/event/1460/UFC-300-Pereira-vs-Hill
2024,UFC on ESPN+ 98: Allen vs. Curtis 2,https://mmadecisions.com/event/1457/UFC-on-ESPN+-98-Allen-vs-Curtis-2
2024,UFC on ESPN 54: Blanchfield vs. Fiorot,https://mmadecisions.com/event/1454/UFC-on-ESPN-54-Blanchfield-vs-Fiorot
2024,UFC on ESPN 53: Ribas vs. Namajunas,https://mmadecisions.com/event/1452/UFC-on-ESPN-53-Ribas-vs-Namajunas
2024,UFC on ESPN+ 97: Tuivasa vs. Tybura,https://mmadecisions.com/event/1450/UFC-on-ESPN+-97-Tuivasa-vs-Tybura
2024,UFC 299: O'Malley vs. Vera 2,https://mmadecisions.com/event/1446/UFC-299-O-Malley-vs-Vera-2
2024,UFC on ESPN+ 96: Rozenstruik vs. Gaziev,https://mmadecisions.com/event/1444/UFC-on-ESPN+-96-Rozenstruik-vs-Gaziev
2024,UFC on ESPN+ 95: Moreno vs. Royval 2,https://mmadecisions.com/event/1443/UFC-on-ESPN+-95-Moreno-vs-Royval-2
2024,UFC 298: Volkanovski vs. Topuria,https://mmadecisions.com/event/1440/UFC-298-Volkanovski-vs-Topuria
2024,UFC on ESPN+ 94: Hermansson vs. Pyfer,https://mmadecisions.com/event/1439/UFC-on-ESPN+-94-Hermansson-vs-Pyfer
2024,UFC on ESPN+ 93: Dolidze vs. Imavov,https://mmadecisions.com/event/1438/UFC-on-ESPN+-93-Dolidze-vs-Imavov
2024,UFC 297: Strickland vs. du Plessis,https://mmadecisions.com/event/1436/UFC-297-Strickland-vs-du-Plessis
2024,UFC on ESPN+ 92: Ankalaev vs. Walker 2,https://mmadecisions.com/event/1435/UFC-on-ESPN+-92-Ankalaev-vs-Walker-2
2025,UFC 317: Topuria vs. Oliveira,https://mmadecisions.com/event/1559/UFC-317-Topuria-vs-Oliveira
2025,UFC on ABC 8: Hill vs. Rountree Jr.,https://mmadecisions.com/event/1554/UFC-on-ABC-8-Hill-vs-Rountree-Jr
2025,UFC on ESPN 69: Usman vs. Buckley,https://mmadecisions.com/event/1551/UFC-on-ESPN-69-Usman-vs-Buckley
2025,UFC 316: Dvalishvili vs. O'Malley 2,https://mmadecisions.com/event/1550/UFC-316-Dvalishvili-vs-O-Malley-2
2025,UFC on ESPN 68: Blanchfield vs. Barber,https://mmadecisions.com/event/1549/UFC-on-ESPN-68-Blanchfield-vs-Barber
2025,UFC on ESPN+ 114: Burns vs. Morales,https://mmadecisions.com/event/1547/UFC-on-ESPN+-114-Burns-vs-Morales
2025,UFC 315: Muhammad vs. Della Maddalena,https://mmadecisions.com/event/1546/UFC-315-Muhammad-vs-Della-Maddalena
2025,UFC on ESPN 67: Sandhagen vs. Figueiredo,https://mmadecisions.com/event/1545/UFC-on-ESPN-67-Sandhagen-vs-Figueiredo
2025,UFC on ESPN 66: Machado Garry vs. Prates,https://mmadecisions.com/event/1543/UFC-on-ESPN-66-Machado-Garry-vs-Prates
2025,UFC 314: Volkanovski vs. Lopes,https://mmadecisions.com/event/1538/UFC-314-Volkanovski-vs-Lopes
2025,UFC on ESPN 65: Emmett vs. Murphy,https://mmadecisions.com/event/1536/UFC-on-ESPN-65-Emmett-vs-Murphy
2025,UFC on ESPN 64: Moreno vs. Erceg,https://mmadecisions.com/event/1535/UFC-on-ESPN-64-Moreno-vs-Erceg
2025,UFC on ESPN+ 113: Edwards vs. Brady,https://mmadecisions.com/event/1534/UFC-on-ESPN+-113-Edwards-vs-Brady
2025,UFC on ESPN+ 112: Vettori vs. Dolidze 2,https://mmadecisions.com/event/1530/UFC-on-ESPN+-112-Vettori-vs-Dolidze-2
2025,UFC 313: Pereira vs. Ankalaev,https://mmadecisions.com/event/1529/UFC-313-Pereira-vs-Ankalaev
2025,UFC on ESPN+ 111: Kape vs. Almabayev,https://mmadecisions.com/event/1527/UFC-on-ESPN+-111-Kape-vs-Almabayev
2025,UFC on ESPN+ 110: Cejudo vs. Song,https://mmadecisions.com/event/1526/UFC-on-ESPN+-110-Cejudo-vs-Song
2025,UFC on ESPN+ 109: Cannonier vs. Rodrigues,https://mmadecisions.com/event/1525/UFC-on-ESPN+-109-Cannonier-vs-Rodrigues
2025,UFC 312: du Plessis vs. Strickland 2,https://mmadecisions.com/event/1524/UFC-312-du-Plessis-vs-Strickland-2
2025,UFC on ESPN+ 108: Adesanya vs. Imavov,https://mmadecisions.com/event/1523/UFC-on-ESPN+-108-Adesanya-vs-Imavov
2025,UFC 311: Makhachev vs. Moicano,https://mmadecisions.com/event/1520/UFC-311-Makhachev-vs-Moicano
2025,UFC on ESPN+ 107: Dern vs. Ribas 2,https://mmadecisions.com/event/1519/UFC-on-ESPN+-107-Dern-vs-Ribas-2
